{
  "B_id": "B_003",
  "mean_rmse": 4.59660267829895,
  "per_look_rmse": {
    "M1": 3.59504771232605,
    "M2": 4.4084882736206055,
    "M3": 5.786272048950195
  },
  "looks_present": [
    "M1",
    "M2",
    "M3"
  ]
}