{
  "B_id": "B_002",
  "mean_rmse": 4.0156707763671875,
  "per_look_rmse": {
    "M1": 3.206843852996826,
    "M2": 3.7811923027038574,
    "M3": 5.058976173400879
  },
  "looks_present": [
    "M1",
    "M2",
    "M3"
  ]
}