{
  "B_id": "B_001",
  "mean_rmse": 5.43808126449585,
  "per_look_rmse": {
    "M1": 4.197546005249023,
    "M2": 6.127702236175537,
    "M3": 5.988995552062988
  },
  "looks_present": [
    "M1",
    "M2",
    "M3"
  ]
}