{
  "B_id": "B_showcase",
  "mean_rmse": 4.94498856862386,
  "per_look_rmse": {
    "M1": 3.969707489013672,
    "M2": 5.779585838317871,
    "M3": 5.085672378540039
  },
  "looks_present": [
    "M1",
    "M2",
    "M3"
  ]
}