{
  "showcase": {
    "B_id": "B_showcase",
    "mean_rmse": 4.94498856862386,
    "per_look_rmse": {
      "M1": 3.969707489013672,
      "M2": 5.779585838317871,
      "M3": 5.085672378540039
    },
    "looks_present": [
      "M1",
      "M2",
      "M3"
    ],
    "is_showcase": true
  },
  "gallery": [
    {
      "B_id": "B_001",
      "mean_rmse": 5.43808126449585,
      "per_look_rmse": {
        "M1": 4.197546005249023,
        "M2": 6.127702236175537,
        "M3": 5.988995552062988
      },
      "looks_present": [
        "M1",
        "M2",
        "M3"
      ],
      "is_showcase": false
    },
    {
      "B_id": "B_002",
      "mean_rmse": 4.0156707763671875,
      "per_look_rmse": {
        "M1": 3.206843852996826,
        "M2": 3.7811923027038574,
        "M3": 5.058976173400879
      },
      "looks_present": [
        "M1",
        "M2",
        "M3"
      ],
      "is_showcase": false
    },
    {
      "B_id": "B_003",
      "mean_rmse": 4.59660267829895,
      "per_look_rmse": {
        "M1": 3.59504771232605,
        "M2": 4.4084882736206055,
        "M3": 5.786272048950195
      },
      "looks_present": [
        "M1",
        "M2",
        "M3"
      ],
      "is_showcase": false
    }
  ],
  "grand_mean": 4.748835821946462,
  "n_pairs": 12
}